Workbook

Sheet Южная
A1: Вид спорта | B1: 1 | C1: 2 | D1: 3 | E1: 4
A2: рыбалка | B2: 10 | C2: 15 | D2: 10 | E2: 12
A3: конный спорт | B3: 8 | C3: 10 | D3: 12 | E3: 20
A4: охота | B4: 5 | C4: 2 | D4: 10 | E4: 25
A5: теннис | B5: 5 | C5: 4 | D5: 15 | E5: 10
A6: лыжи | B6: 100 | C6: 0 | D6: 0 | E6: 5

Sheet Итоги
C1: 1 | D1: 2 | E1: 3 | F1: 4
B2: Отчет Юг | C2: =Южная!$B$2 -> 10 | D2: =Южная!$C$2 -> 15 | E2: =Южная!$D$2 -> 10 | F2: =Южная!$E$2 -> 12
B3: Отчёты | C3: =[1]Восточная!$B$2 -> 100 | D3: =[1]Восточная!$C$2 -> 150 | E3: =[1]Восточная!$D$2 -> 100 | F3: =[1]Восточная!$E$2 -> 120
B4: Отчёты | C4: =[1]Западная!$B$2 -> 130 | D4: =[1]Западная!$C$2 -> 50 | E4: =[1]Западная!$D$2 -> 10 | F4: =[1]Западная!$E$2 -> 10
A5: рыбалка | C5: =SUM(C2:C4) -> 240 | D5: =SUM(D2:D4) -> 215 | E5: =SUM(E2:E4) -> 120 | F5: =SUM(F2:F4) -> 142
B6: Отчет Юг | C6: =Южная!$B$3 -> 8 | D6: =Южная!$C$3 -> 10 | E6: =Южная!$D$3 -> 12 | F6: =Южная!$E$3 -> 20
B7: Отчёты | C7: =[1]Восточная!$B$3 -> 800 | D7: =[1]Восточная!$C$3 -> 100 | E7: =[1]Восточная!$D$3 -> 120 | F7: =[1]Восточная!$E$3 -> 20
B8: Отчёты | C8: =[1]Западная!$B$3 -> 180 | D8: =[1]Западная!$C$3 -> 10 | E8: =[1]Западная!$D$3 -> 12 | F8: =[1]Западная!$E$3 -> 20
A9: конный спорт | C9: =SUM(C6:C8) -> 988 | D9: =SUM(D6:D8) -> 120 | E9: =SUM(E6:E8) -> 144 | F9: =SUM(F6:F8) -> 60
B10: Отчет Юг | C10: =Южная!$B$4 -> 5 | D10: =Южная!$C$4 -> 2 | E10: =Южная!$D$4 -> 10 | F10: =Южная!$E$4 -> 25
B11: Отчёты | C11: =[1]Восточная!$B$4 -> 50 | D11: =[1]Восточная!$C$4 -> 20 | E11: =[1]Восточная!$D$4 -> 100 | F11: =[1]Восточная!$E$4 -> 25
B12: Отчёты | C12: =[1]Западная!$B$4 -> 150 | D12: =[1]Западная!$C$4 -> 10 | E12: =[1]Западная!$D$4 -> 10 | F12: =[1]Западная!$E$4 -> 15
A13: охота | C13: =SUM(C10:C12) -> 205 | D13: =SUM(D10:D12) -> 32 | E13: =SUM(E10:E12) -> 120 | F13: =SUM(F10:F12) -> 65
B14: Отчет Юг | C14: =Южная!$B$5 -> 5 | D14: =Южная!$C$5 -> 4 | E14: =Южная!$D$5 -> 15 | F14: =Южная!$E$5 -> 10
B15: Отчёты | C15: =[1]Восточная!$B$5 -> 55 | D15: =[1]Восточная!$C$5 -> 40 | E15: =[1]Восточная!$D$5 -> 150 | F15: =[1]Восточная!$E$5 -> 10
B16: Отчёты | C16: =[1]Западная!$B$5 -> 55 | D16: =[1]Западная!$C$5 -> 50 | E16: =[1]Западная!$D$5 -> 150 | F16: =[1]Западная!$E$5 -> 100
A17: теннис | C17: =SUM(C14:C16) -> 115 | D17: =SUM(D14:D16) -> 94 | E17: =SUM(E14:E16) -> 315 | F17: =SUM(F14:F16) -> 120
B18: Отчет Юг | C18: =Южная!$B$6 -> 100 | D18: =Южная!$C$6 -> 0 | E18: =Южная!$D$6 -> 0 | F18: =Южная!$E$6 -> 5
B19: Отчёты | C19: =[1]Восточная!$B$6 -> 80 | D19: =[1]Восточная!$C$6 -> 0 | E19: =[1]Восточная!$D$6 -> 0 | F19: =[1]Восточная!$E$6 -> 5
B20: Отчёты | C20: =[1]Западная!$B$6 -> 10 | D20: =[1]Западная!$C$6 -> 0 | E20: =[1]Западная!$D$6 -> 0 | F20: =[1]Западная!$E$6 -> 15
A21: лыжи | C21: =SUM(C18:C20) -> 190 | D21: =SUM(D18:D20) -> 0 | E21: =SUM(E18:E20) -> 0 | F21: =SUM(F18:F20) -> 25
